Mutation,in_train,in_test,in_predict,prediction_identity
A435X,True,True,False,True|True|False
A475D,False,False,True,False|False|True
A475H,False,False,True,False|False|True
A475I,False,False,True,False|False|True
A475K,False,False,True,False|False|True
A475S,True,False,True,False|True|True
A475T,True,True,True,True|True|True
A475V,True,True,True,True|True|True
A475X,True,True,True,True|True|True
C432X,True,True,False,True|True|False
C480F,False,False,True,False|False|True
C480G,False,False,True,False|False|True
C480I,False,False,True,False|False|True
C480K,False,False,True,False|False|True
C480L,False,False,True,False|False|True
C480Q,False,False,True,False|False|True
C480S,False,False,True,False|False|True
C480T,False,False,True,False|False|True
C480X,True,True,True,True|True|True
C488A,False,False,True,False|False|True
C488D,False,False,True,False|False|True
C488E,False,False,True,False|False|True
C488F,True,False,True,False|True|True
C488G,False,False,True,False|False|True
C488I,False,False,True,False|False|True
C488K,False,False,True,False|False|True
C488L,False,False,True,False|False|True
C488N,False,False,True,False|False|True
C488P,False,False,True,False|False|True
C488Q,False,False,True,False|False|True
C488R,True,False,True,False|True|True
C488S,False,False,True,False|False|True
C488T,False,False,True,False|False|True
C488V,False,False,True,False|False|True
C488X,True,True,True,True|True|True
C488Y,False,False,True,False|False|True
D427A,False,True,False,True|False|False
D427E,True,True,False,True|True|False
D427G,True,False,False,False|True|False
D427N,True,True,False,True|True|False
D427T,False,True,False,True|False|False
D427V,True,False,False,False|True|False
D427X,True,True,False,True|True|False
D427Y,True,True,False,True|True|False
D428E,True,True,False,True|True|False
D428G,False,True,False,True|False|False
D428X,True,True,False,True|True|False
D442T,False,False,True,False|False|True
D442X,True,True,False,True|True|False
D467A,False,False,True,False|False|True
D467F,False,False,True,False|False|True
D467G,False,False,True,False|False|True
D467L,False,False,True,False|False|True
D467S,False,False,True,False|False|True
D467X,True,True,True,True|True|True
E465D,True,False,False,False|True|False
E465G,True,False,True,False|True|True
E465K,False,True,True,True|False|True
E465L,False,False,True,False|False|True
E465P,False,False,True,False|False|True
E465Q,False,False,True,False|False|True
E465S,False,False,True,False|False|True
E465X,True,True,True,True|True|True
E471D,False,False,True,False|False|True
E471G,True,False,False,False|True|False
E471L,False,False,True,False|False|True
E471Q,True,True,False,True|True|False
E471T,False,False,True,False|False|True
E471V,False,False,True,False|False|True
E471X,True,True,True,True|True|True
E471Z,True,False,False,False|True|False
E484A,True,True,False,True|True|False
E484C,False,False,True,False|False|True
E484D,True,True,True,True|True|True
E484F,False,False,True,False|False|True
E484G,True,False,False,False|True|False
E484H,False,False,True,False|False|True
E484K,True,True,True,True|True|True
E484Q,True,True,True,True|True|True
E484R,False,True,True,True|False|True
E484T,False,True,True,True|False|True
E484V,False,True,True,True|False|True
E484X,True,True,True,True|True|True
E484Y,False,False,True,False|False|True
E484Z,True,True,False,True|True|False
F429X,True,True,False,True|True|False
F456A,False,False,True,False|False|True
F456I,False,False,True,False|False|True
F456K,False,False,True,False|False|True
F456L,True,False,False,False|True|False
F456Q,False,False,True,False|False|True
F456R,False,False,True,False|False|True
F456T,False,False,True,False|False|True
F456X,True,True,True,True|True|True
F456Y,True,False,True,False|True|True
F464E,False,False,True,False|False|True
F464L,True,False,True,False|True|True
F464P,False,False,True,False|False|True
F464S,True,True,True,True|True|True
F464V,False,False,True,False|False|True
F464X,True,True,True,True|True|True
F486A,False,False,True,False|False|True
F486C,False,False,True,False|False|True
F486E,False,False,True,False|False|True
F486G,False,False,True,False|False|True
F486K,False,False,True,False|False|True
F486L,True,False,False,False|True|False
F486M,False,False,True,False|False|True
F486N,False,False,True,False|False|True
F486Q,False,False,True,False|False|True
F486S,False,True,True,True|False|True
F486V,False,True,True,True|False|True
F486X,True,True,True,True|True|True
F486Y,False,False,True,False|False|True
F490A,False,False,True,False|False|True
F490C,False,False,True,False|False|True
F490D,False,False,True,False|False|True
F490E,False,False,True,False|False|True
F490G,False,False,True,False|False|True
F490H,False,False,True,False|False|True
F490I,True,False,True,False|True|True
F490K,False,False,True,False|False|True
F490L,True,True,True,True|True|True
F490N,False,False,True,False|False|True
F490P,False,False,True,False|False|True
F490Q,False,False,True,False|False|True
F490R,False,False,True,False|False|True
F490S,True,True,True,True|True|True
F490T,False,False,True,False|False|True
F490V,True,True,True,True|True|True
F490X,True,True,True,True|True|True
F490Y,True,True,True,True|True|True
F497A,False,False,True,False|False|True
F497C,False,False,True,False|False|True
F497D,False,False,True,False|False|True
F497E,False,False,True,False|False|True
F497G,False,False,True,False|False|True
F497H,False,False,True,False|False|True
F497I,False,False,True,False|False|True
F497K,False,False,True,False|False|True
F497L,False,False,True,False|False|True
F497M,False,False,True,False|False|True
F497N,False,False,True,False|False|True
F497P,False,False,True,False|False|True
F497Q,False,False,True,False|False|True
F497R,False,False,True,False|False|True
F497S,False,False,True,False|False|True
F497T,False,False,True,False|False|True
F497V,False,False,True,False|False|True
F497X,True,True,True,True|True|True
F497Y,False,False,True,False|False|True
F515A,False,False,True,False|False|True
F515C,False,False,True,False|False|True
F515D,False,False,True,False|False|True
F515E,False,False,True,False|False|True
F515G,False,False,True,False|False|True
F515H,False,False,True,False|False|True
F515I,False,False,True,False|False|True
F515K,False,False,True,False|False|True
F515L,False,True,True,True|False|True
F515M,False,False,True,False|False|True
F515N,False,False,True,False|False|True
F515P,False,False,True,False|False|True
F515Q,False,False,True,False|False|True
F515R,False,False,True,False|False|True
F515S,False,False,True,False|False|True
F515T,False,False,True,False|False|True
F515V,False,False,True,False|False|True
F515W,False,False,True,False|False|True
F515X,True,True,True,True|True|True
F515Y,False,False,True,False|False|True
G431X,True,True,False,True|True|False
G446D,True,False,False,False|True|False
G446N,False,True,False,True|False|False
G446P,False,False,True,False|False|True
G446S,True,True,True,True|True|True
G446V,True,True,False,True|True|False
G446X,True,True,False,True|True|False
G447S,False,False,True,False|False|True
G447V,True,False,False,False|True|False
G447X,True,True,False,True|True|False
G476A,True,False,False,False|True|False
G476D,False,True,True,True|False|True
G476K,False,False,True,False|False|True
G476L,False,False,True,False|False|True
G476R,False,False,True,False|False|True
G476S,True,True,True,True|True|True
G476V,True,False,False,False|True|False
G476X,True,True,True,True|True|True
G482D,False,False,True,False|False|True
G482E,False,False,True,False|False|True
G482I,False,False,True,False|False|True
G482K,False,False,True,False|False|True
G482N,False,False,True,False|False|True
G482S,True,True,False,True|True|False
G482V,True,True,True,True|True|True
G482X,True,True,True,True|True|True
G482Y,False,False,True,False|False|True
G485A,True,True,True,True|True|True
G485C,False,False,True,False|False|True
G485D,True,False,False,False|True|False
G485F,False,False,True,False|False|True
G485I,False,False,True,False|False|True
G485K,False,False,True,False|False|True
G485R,True,False,True,False|True|True
G485S,True,True,True,True|True|True
G485T,False,False,True,False|False|True
G485V,True,False,True,False|True|True
G485X,True,True,True,True|True|True
G496A,False,False,True,False|False|True
G496C,False,False,True,False|False|True
G496D,False,False,True,False|False|True
G496E,False,False,True,False|False|True
G496F,False,False,True,False|False|True
G496H,False,False,True,False|False|True
G496I,False,False,True,False|False|True
G496K,False,False,True,False|False|True
G496L,False,False,True,False|False|True
G496M,False,False,True,False|False|True
G496N,False,False,True,False|False|True
G496P,False,False,True,False|False|True
G496Q,False,False,True,False|False|True
G496R,False,False,True,False|False|True
G496S,False,True,True,True|False|True
G496T,False,False,True,False|False|True
G496V,False,False,True,False|False|True
G496W,False,False,True,False|False|True
G496X,True,True,True,True|True|True
G496Y,False,False,True,False|False|True
G502A,False,False,True,False|False|True
G502C,False,False,True,False|False|True
G502D,False,False,True,False|False|True
G502E,False,False,True,False|False|True
G502F,False,False,True,False|False|True
G502H,False,False,True,False|False|True
G502I,False,False,True,False|False|True
G502K,False,False,True,False|False|True
G502L,False,False,True,False|False|True
G502M,False,False,True,False|False|True
G502N,False,False,True,False|False|True
G502P,False,False,True,False|False|True
G502Q,False,False,True,False|False|True
G502R,False,False,True,False|False|True
G502S,False,False,True,False|False|True
G502T,False,False,True,False|False|True
G502V,False,False,True,False|False|True
G502W,False,False,True,False|False|True
G502X,True,True,True,True|True|True
G502Y,False,False,True,False|False|True
G504A,False,False,True,False|False|True
G504C,False,False,True,False|False|True
G504D,False,False,True,False|False|True
G504E,False,False,True,False|False|True
G504F,False,False,True,False|False|True
G504H,False,False,True,False|False|True
G504I,False,False,True,False|False|True
G504K,False,False,True,False|False|True
G504L,False,False,True,False|False|True
G504M,False,False,True,False|False|True
G504N,True,False,True,False|True|True
G504P,False,False,True,False|False|True
G504Q,False,False,True,False|False|True
G504R,False,False,True,False|False|True
G504S,True,False,True,False|True|True
G504T,False,False,True,False|False|True
G504V,False,False,True,False|False|True
G504W,False,False,True,False|False|True
G504X,True,True,True,True|True|True
G504Y,False,False,True,False|False|True
I434T,True,False,False,False|True|False
I434V,True,True,False,True|True|False
I434X,True,True,False,True|True|False
I468C,False,False,True,False|False|True
I468F,False,False,True,False|False|True
I468J,True,False,False,False|True|False
I468M,False,True,False,True|False|False
I468P,False,False,True,False|False|True
I468S,False,False,True,False|False|True
I468T,True,False,False,False|True|False
I468V,True,False,False,False|True|False
I468X,True,True,True,True|True|True
I472C,False,False,True,False|False|True
I472E,False,False,True,False|False|True
I472L,True,False,True,False|True|True
I472P,False,False,True,False|False|True
I472V,True,False,True,False|True|True
I472X,True,True,True,True|True|True
K444N,True,True,False,True|True|False
K444R,True,True,False,True|True|False
K444T,False,True,False,True|False|False
K444X,True,True,False,True|True|False
K458C,False,False,True,False|False|True
K458F,False,False,True,False|False|True
K458G,False,False,True,False|False|True
K458I,False,False,True,False|False|True
K458N,True,True,False,True|True|False
K458Q,True,False,False,False|True|False
K458S,False,False,True,False|False|True
K458T,False,False,True,False|False|True
K458V,False,False,True,False|False|True
K458X,True,True,True,True|True|True
K462A,False,False,True,False|False|True
K462D,False,False,True,False|False|True
K462E,True,False,True,False|True|True
K462F,False,False,True,False|False|True
K462Q,True,False,True,False|True|True
K462R,True,False,True,False|True|True
K462S,False,False,True,False|False|True
K462T,False,False,True,False|False|True
K462X,True,True,True,True|True|True
K462Y,False,False,True,False|False|True
L441F,True,False,False,False|True|False
L441I,True,False,False,False|True|False
L441P,False,True,False,True|False|False
L441V,False,False,True,False|False|True
L441X,True,True,False,True|True|False
L452M,True,True,False,True|True|False
L452Q,True,True,False,True|True|False
L452R,True,True,True,True|True|True
L452X,True,True,False,True|True|False
L455F,True,True,False,True|True|False
L455S,True,True,False,True|True|False
L455V,True,False,False,False|True|False
L455X,True,True,False,True|True|False
L461G,False,False,True,False|False|True
L461I,False,False,True,False|False|True
L461K,False,False,True,False|False|True
L461N,False,False,True,False|False|True
L461S,False,False,True,False|False|True
L461V,False,False,True,False|False|True
L461X,True,True,True,True|True|True
L492A,False,False,True,False|False|True
L492B,False,False,True,False|False|True
L492C,False,False,True,False|False|True
L492D,False,False,True,False|False|True
L492E,False,False,True,False|False|True
L492F,False,False,True,False|False|True
L492G,False,False,True,False|False|True
L492I,False,False,True,False|False|True
L492K,False,False,True,False|False|True
L492M,False,False,True,False|False|True
L492N,False,False,True,False|False|True
L492P,False,False,True,False|False|True
L492Q,False,False,True,False|False|True
L492R,False,False,True,False|False|True
L492S,True,False,True,False|True|True
L492T,False,False,True,False|False|True
L492V,False,False,True,False|False|True
L492W,False,False,True,False|False|True
L492X,True,True,True,True|True|True
L492Y,False,False,True,False|False|True
L513A,False,False,True,False|False|True
L513C,False,False,True,False|False|True
L513D,False,False,True,False|False|True
L513E,False,False,True,False|False|True
L513F,True,True,True,True|True|True
L513G,False,False,True,False|False|True
L513H,False,False,True,False|False|True
L513I,True,False,True,False|True|True
L513K,False,False,True,False|False|True
L513M,False,False,True,False|False|True
L513N,False,False,True,False|False|True
L513P,False,False,True,False|False|True
L513Q,False,False,True,False|False|True
L513R,False,False,True,False|False|True
L513S,False,False,True,False|False|True
L513T,False,False,True,False|False|True
L513V,False,False,True,False|False|True
L513W,False,False,True,False|False|True
L513X,True,True,True,True|True|True
L513Y,False,False,True,False|False|True
N437S,True,False,False,False|True|False
N437X,True,True,False,True|True|False
N439A,False,False,True,False|False|True
N439D,False,False,True,False|False|True
N439K,True,True,True,True|True|True
N439Q,False,False,True,False|False|True
N439X,True,True,False,True|True|False
N440B,False,True,False,True|False|False
N440D,True,False,True,False|True|True
N440G,False,False,True,False|False|True
N440K,True,True,True,True|True|True
N440L,False,False,True,False|False|True
N440S,True,True,False,True|True|False
N440T,False,False,True,False|False|True
N440V,False,False,True,False|False|True
N440X,True,True,False,True|True|False
N448D,True,False,False,False|True|False
N448X,True,True,False,True|True|False
N450D,True,True,False,True|True|False
N450I,True,False,False,False|True|False
N450K,True,True,False,True|True|False
N450X,True,True,False,True|True|False
N460A,False,False,True,False|False|True
N460D,False,True,True,True|False|True
N460E,False,False,True,False|False|True
N460F,False,False,True,False|False|True
N460G,False,False,True,False|False|True
N460I,True,False,False,False|True|False
N460K,True,True,True,True|True|True
N460L,False,False,True,False|False|True
N460P,False,False,True,False|False|True
N460R,False,False,True,False|False|True
N460S,False,True,False,True|False|False
N460T,True,True,True,True|True|True
N460V,False,False,True,False|False|True
N460X,True,True,True,True|True|True
N460Y,False,True,False,True|False|False
N481C,False,False,True,False|False|True
N481D,True,False,False,False|True|False
N481E,False,False,True,False|False|True
N481G,False,False,True,False|False|True
N481I,False,False,True,False|False|True
N481K,True,True,False,True|True|False
N481R,False,False,True,False|False|True
N481S,True,False,True,False|True|True
N481T,False,False,True,False|False|True
N481V,False,False,True,False|False|True
N481X,True,True,True,True|True|True
N481Y,True,False,False,False|True|False
N487E,False,False,True,False|False|True
N487F,False,False,True,False|False|True
N487G,False,False,True,False|False|True
N487H,False,False,True,False|False|True
N487I,False,False,True,False|False|True
N487L,False,False,True,False|False|True
N487Q,False,False,True,False|False|True
N487T,False,False,True,False|False|True
N487X,True,True,True,True|True|True
N487Y,False,False,True,False|False|True
N501A,False,False,True,False|False|True
N501C,False,False,True,False|False|True
N501D,False,False,True,False|False|True
N501E,False,False,True,False|False|True
N501F,False,False,True,False|False|True
N501G,False,False,True,False|False|True
N501H,False,True,True,True|False|True
N501I,True,True,True,True|True|True
N501K,False,True,True,True|False|True
N501L,False,False,True,False|False|True
N501M,False,False,True,False|False|True
N501P,False,False,True,False|False|True
N501Q,False,False,True,False|False|True
N501R,False,False,True,False|False|True
N501S,True,False,True,False|True|True
N501T,True,True,True,True|True|True
N501V,False,False,True,False|False|True
N501X,True,True,True,True|True|True
N501Y,True,True,True,True|True|True
P463A,False,False,True,False|False|True
P463D,False,False,True,False|False|True
P463E,False,False,True,False|False|True
P463F,False,False,True,False|False|True
P463S,True,True,False,True|True|False
P463X,True,True,True,True|True|True
P463Y,False,False,True,False|False|True
P479C,False,False,True,False|False|True
P479E,False,False,True,False|False|True
P479F,False,False,True,False|False|True
P479G,False,False,True,False|False|True
P479I,False,False,True,False|False|True
P479K,False,False,True,False|False|True
P479L,True,False,True,False|True|True
P479N,False,False,True,False|False|True
P479R,False,True,False,True|False|False
P479S,True,True,True,True|True|True
P479X,True,True,True,True|True|True
P491A,False,False,True,False|False|True
P491C,False,False,True,False|False|True
P491D,False,False,True,False|False|True
P491E,False,False,True,False|False|True
P491F,False,False,True,False|False|True
P491G,False,False,True,False|False|True
P491H,False,False,True,False|False|True
P491I,False,False,True,False|False|True
P491K,False,False,True,False|False|True
P491L,True,False,True,False|True|True
P491M,False,False,True,False|False|True
P491N,False,False,True,False|False|True
P491Q,False,False,True,False|False|True
P491R,False,False,True,False|False|True
P491S,False,True,True,True|False|True
P491T,False,False,True,False|False|True
P491V,False,False,True,False|False|True
P491W,False,False,True,False|False|True
P491X,True,True,True,True|True|True
P491Y,False,False,True,False|False|True
P499A,False,False,True,False|False|True
P499C,False,False,True,False|False|True
P499D,False,False,True,False|False|True
P499E,False,False,True,False|False|True
P499F,False,False,True,False|False|True
P499G,False,False,True,False|False|True
P499H,True,False,True,False|True|True
P499I,False,False,True,False|False|True
P499K,False,False,True,False|False|True
P499L,True,False,True,False|True|True
P499M,False,False,True,False|False|True
P499N,False,False,True,False|False|True
P499Q,False,False,True,False|False|True
P499R,False,True,True,True|False|True
P499S,True,False,True,False|True|True
P499T,False,False,True,False|False|True
P499V,False,False,True,False|False|True
P499W,False,False,True,False|False|True
P499X,True,True,True,True|True|True
P499Y,False,False,True,False|False|True
P507A,False,False,True,False|False|True
P507C,False,False,True,False|False|True
P507D,False,False,True,False|False|True
P507E,False,False,True,False|False|True
P507F,False,False,True,False|False|True
P507G,False,False,True,False|False|True
P507H,True,False,True,False|True|True
P507I,False,False,True,False|False|True
P507K,False,False,True,False|False|True
P507L,False,False,True,False|False|True
P507M,False,False,True,False|False|True
P507N,False,False,True,False|False|True
P507Q,False,False,True,False|False|True
P507R,False,False,True,False|False|True
P507S,True,True,True,True|True|True
P507T,True,False,True,False|True|True
P507V,False,False,True,False|False|True
P507W,False,False,True,False|False|True
P507X,True,True,True,True|True|True
P507Y,False,False,True,False|False|True
Q474D,False,False,True,False|False|True
Q474E,True,False,True,False|True|True
Q474H,True,False,False,False|True|False
Q474L,False,False,True,False|False|True
Q474P,False,False,True,False|False|True
Q474V,False,False,True,False|False|True
Q474X,True,True,True,True|True|True
Q493A,False,False,True,False|False|True
Q493C,False,False,True,False|False|True
Q493D,False,False,True,False|False|True
Q493E,False,False,True,False|False|True
Q493F,False,False,True,False|False|True
Q493G,False,False,True,False|False|True
Q493H,True,False,True,False|True|True
Q493I,False,False,True,False|False|True
Q493K,True,False,True,False|True|True
Q493L,True,False,True,False|True|True
Q493N,False,False,True,False|False|True
Q493P,False,False,True,False|False|True
Q493R,True,True,True,True|True|True
Q493S,False,False,True,False|False|True
Q493T,False,False,True,False|False|True
Q493V,False,False,True,False|False|True
Q493X,True,True,True,True|True|True
Q493Y,False,False,True,False|False|True
Q498A,False,False,True,False|False|True
Q498C,False,False,True,False|False|True
Q498D,False,False,True,False|False|True
Q498E,False,False,True,False|False|True
Q498F,False,False,True,False|False|True
Q498G,False,False,True,False|False|True
Q498H,True,True,True,True|True|True
Q498I,False,False,True,False|False|True
Q498K,False,False,True,False|False|True
Q498L,False,False,True,False|False|True
Q498M,False,False,True,False|False|True
Q498N,False,False,True,False|False|True
Q498P,False,False,True,False|False|True
Q498R,True,True,True,True|True|True
Q498S,False,False,True,False|False|True
Q498T,False,False,True,False|False|True
Q498V,False,False,True,False|False|True
Q498W,False,False,True,False|False|True
Q498X,True,True,True,True|True|True
Q498Y,False,False,True,False|False|True
Q498Z,True,False,False,False|True|False
Q506A,False,False,True,False|False|True
Q506C,False,False,True,False|False|True
Q506D,False,False,True,False|False|True
Q506E,False,False,True,False|False|True
Q506F,False,False,True,False|False|True
Q506G,False,False,True,False|False|True
Q506H,True,False,True,False|True|True
Q506I,False,False,True,False|False|True
Q506K,False,False,True,False|False|True
Q506L,False,False,True,False|False|True
Q506M,False,False,True,False|False|True
Q506N,False,False,True,False|False|True
Q506P,False,False,True,False|False|True
Q506R,False,False,True,False|False|True
Q506S,False,False,True,False|False|True
Q506T,False,False,True,False|False|True
Q506V,False,False,True,False|False|True
Q506W,False,False,True,False|False|True
Q506X,True,True,True,True|True|True
Q506Y,False,False,True,False|False|True
R454X,True,True,False,True|True|False
R457D,False,False,True,False|False|True
R457G,False,False,True,False|False|True
R457H,False,False,True,False|False|True
R457K,True,False,False,False|True|False
R457L,False,False,True,False|False|True
R457N,False,False,True,False|False|True
R457Q,False,False,True,False|False|True
R457S,True,False,True,False|True|True
R457T,False,False,True,False|False|True
R457V,False,False,True,False|False|True
R457X,True,True,True,True|True|True
R466G,False,False,True,False|False|True
R466H,False,False,True,False|False|True
R466I,True,True,False,True|True|False
R466K,True,False,False,False|True|False
R466N,False,False,True,False|False|True
R466Q,False,False,True,False|False|True
R466X,True,True,True,True|True|True
R509A,False,False,True,False|False|True
R509C,False,False,True,False|False|True
R509D,False,False,True,False|False|True
R509E,False,False,True,False|False|True
R509F,False,False,True,False|False|True
R509G,False,False,True,False|False|True
R509H,False,False,True,False|False|True
R509I,False,False,True,False|False|True
R509K,True,False,True,False|True|True
R509L,False,False,True,False|False|True
R509M,False,False,True,False|False|True
R509N,False,False,True,False|False|True
R509P,False,False,True,False|False|True
R509Q,False,False,True,False|False|True
R509S,False,False,True,False|False|True
R509T,False,False,True,False|False|True
R509V,False,False,True,False|False|True
R509W,False,False,True,False|False|True
R509X,True,True,True,True|True|True
R509Y,False,False,True,False|False|True
S438A,True,False,False,False|True|False
S438L,False,False,True,False|False|True
S438P,True,False,False,False|True|False
S438X,True,True,False,True|True|False
S443A,True,False,False,False|True|False
S443F,False,True,False,True|False|False
S443Q,False,False,True,False|False|True
S443X,True,True,False,True|True|False
S459A,False,False,True,False|False|True
S459E,False,False,True,False|False|True
S459F,True,True,False,True|True|False
S459G,False,False,True,False|False|True
S459I,False,False,True,False|False|True
S459K,False,False,True,False|False|True
S459P,True,False,False,False|True|False
S459Q,False,False,True,False|False|True
S459R,False,False,True,False|False|True
S459T,False,False,True,False|False|True
S459V,False,False,True,False|False|True
S459X,True,True,True,True|True|True
S459Y,False,False,True,False|False|True
S469A,False,False,True,False|False|True
S469G,False,False,True,False|False|True
S469H,False,False,True,False|False|True
S469V,False,False,True,False|False|True
S469X,True,True,True,True|True|True
S477A,False,False,True,False|False|True
S477D,False,True,False,True|False|False
S477G,True,True,False,True|True|False
S477I,True,True,False,True|True|False
S477K,True,False,False,False|True|False
S477L,False,False,True,False|False|True
S477N,True,True,True,True|True|True
S477P,False,False,True,False|False|True
S477Q,False,False,True,False|False|True
S477R,True,True,True,True|True|True
S477T,True,False,False,False|True|False
S477V,False,False,True,False|False|True
S477X,True,True,True,True|True|True
S494A,True,False,True,False|True|True
S494C,False,False,True,False|False|True
S494D,False,False,True,False|False|True
S494E,False,False,True,False|False|True
S494F,False,False,True,False|False|True
S494G,False,False,True,False|False|True
S494H,False,False,True,False|False|True
S494I,False,False,True,False|False|True
S494K,False,False,True,False|False|True
S494L,True,True,True,True|True|True
S494M,False,False,True,False|False|True
S494N,False,False,True,False|False|True
S494P,True,True,True,True|True|True
S494Q,False,False,True,False|False|True
S494R,True,False,True,False|True|True
S494T,False,False,True,False|False|True
S494V,False,False,True,False|False|True
S494X,True,True,True,True|True|True
S494Y,False,False,True,False|False|True
S514A,False,True,True,True|False|True
S514C,False,False,True,False|False|True
S514D,False,False,True,False|False|True
S514E,False,False,True,False|False|True
S514F,True,True,True,True|True|True
S514G,False,False,True,False|False|True
S514H,False,False,True,False|False|True
S514I,False,False,True,False|False|True
S514K,False,False,True,False|False|True
S514L,False,False,True,False|False|True
S514M,False,False,True,False|False|True
S514N,False,False,True,False|False|True
S514P,False,False,True,False|False|True
S514Q,False,False,True,False|False|True
S514R,False,False,True,False|False|True
S514T,False,False,True,False|False|True
S514V,False,False,True,False|False|True
S514W,False,False,True,False|False|True
S514X,True,True,True,True|True|True
S514Y,False,True,True,True|False|True
T430I,True,True,False,True|True|False
T430X,True,True,False,True|True|False
T470A,True,False,True,False|True|True
T470F,False,False,True,False|False|True
T470I,True,True,False,True|True|False
T470L,False,False,True,False|False|True
T470N,True,True,True,True|True|True
T470R,False,False,True,False|False|True
T470S,False,True,False,True|False|False
T470X,True,True,True,True|True|True
T478A,True,False,True,False|True|True
T478C,False,False,True,False|False|True
T478E,False,True,False,True|False|False
T478G,False,False,True,False|False|True
T478H,False,False,True,False|False|True
T478I,True,True,True,True|True|True
T478K,True,True,True,True|True|True
T478N,False,False,True,False|False|True
T478P,False,False,True,False|False|True
T478Q,False,False,True,False|False|True
T478R,True,True,False,True|True|False
T478V,False,False,True,False|False|True
T478X,True,True,True,True|True|True
T478Y,False,False,True,False|False|True
T500A,True,False,True,False|True|True
T500C,False,False,True,False|False|True
T500D,False,False,True,False|False|True
T500E,False,False,True,False|False|True
T500F,False,False,True,False|False|True
T500G,False,False,True,False|False|True
T500H,False,False,True,False|False|True
T500I,True,False,True,False|True|True
T500K,False,False,True,False|False|True
T500L,False,False,True,False|False|True
T500M,False,False,True,False|False|True
T500N,True,False,True,False|True|True
T500P,False,False,True,False|False|True
T500Q,False,False,True,False|False|True
T500R,False,False,True,False|False|True
T500S,True,False,True,False|True|True
T500V,False,False,True,False|False|True
T500W,False,False,True,False|False|True
T500X,True,True,True,True|True|True
T500Y,False,False,True,False|False|True
V433I,True,True,False,True|True|False
V433X,True,True,False,True|True|False
V445F,True,True,False,True|True|False
V445G,True,True,False,True|True|False
V445I,True,False,False,False|True|False
V445L,False,True,False,True|False|False
V445T,False,False,True,False|False|True
V445X,True,True,False,True|True|False
V483A,True,True,True,True|True|True
V483F,True,True,False,True|True|False
V483G,True,False,True,False|True|True
V483I,True,True,True,True|True|True
V483K,False,False,True,False|False|True
V483L,True,False,False,False|True|False
V483N,False,False,True,False|False|True
V483P,False,False,True,False|False|True
V483T,False,False,True,False|False|True
V483X,True,True,True,True|True|True
V483Y,False,False,True,False|False|True
V503A,False,True,True,True|False|True
V503C,False,False,True,False|False|True
V503D,False,False,True,False|False|True
V503E,False,False,True,False|False|True
V503F,True,True,True,True|True|True
V503G,False,False,True,False|False|True
V503H,False,False,True,False|False|True
V503I,True,True,True,True|True|True
V503K,False,False,True,False|False|True
V503L,False,False,True,False|False|True
V503M,False,False,True,False|False|True
V503N,False,False,True,False|False|True
V503P,False,False,True,False|False|True
V503Q,False,False,True,False|False|True
V503R,False,False,True,False|False|True
V503S,False,False,True,False|False|True
V503T,False,False,True,False|False|True
V503W,False,False,True,False|False|True
V503X,True,True,True,True|True|True
V503Y,False,False,True,False|False|True
V510A,False,True,True,True|False|True
V510C,False,False,True,False|False|True
V510D,False,False,True,False|False|True
V510E,False,False,True,False|False|True
V510F,False,False,True,False|False|True
V510G,False,False,True,False|False|True
V510H,False,False,True,False|False|True
V510I,False,False,True,False|False|True
V510K,False,False,True,False|False|True
V510L,True,False,True,False|True|True
V510M,False,False,True,False|False|True
V510N,False,False,True,False|False|True
V510P,False,False,True,False|False|True
V510Q,False,False,True,False|False|True
V510R,False,False,True,False|False|True
V510S,False,False,True,False|False|True
V510T,False,False,True,False|False|True
V510W,False,False,True,False|False|True
V510X,True,True,True,True|True|True
V510Y,False,False,True,False|False|True
V511A,False,False,True,False|False|True
V511C,False,False,True,False|False|True
V511D,False,False,True,False|False|True
V511E,False,False,True,False|False|True
V511F,False,False,True,False|False|True
V511G,False,False,True,False|False|True
V511H,False,False,True,False|False|True
V511I,True,False,True,False|True|True
V511K,False,False,True,False|False|True
V511L,True,True,True,True|True|True
V511M,False,False,True,False|False|True
V511N,False,False,True,False|False|True
V511P,False,False,True,False|False|True
V511Q,False,False,True,False|False|True
V511R,False,False,True,False|False|True
V511S,False,False,True,False|False|True
V511T,False,False,True,False|False|True
V511W,False,False,True,False|False|True
V511X,True,True,True,True|True|True
V511Y,False,False,True,False|False|True
V512A,False,False,True,False|False|True
V512C,False,False,True,False|False|True
V512D,False,False,True,False|False|True
V512E,False,False,True,False|False|True
V512F,False,False,True,False|False|True
V512G,False,False,True,False|False|True
V512H,False,False,True,False|False|True
V512I,True,True,True,True|True|True
V512K,False,False,True,False|False|True
V512L,False,False,True,False|False|True
V512M,False,False,True,False|False|True
V512N,False,False,True,False|False|True
V512P,False,False,True,False|False|True
V512Q,False,False,True,False|False|True
V512R,False,False,True,False|False|True
V512S,False,False,True,False|False|True
V512T,False,False,True,False|False|True
V512W,False,False,True,False|False|True
V512X,True,True,True,True|True|True
V512Y,False,False,True,False|False|True
W436X,True,True,False,True|True|False
Y449D,False,True,False,True|False|False
Y449X,True,True,False,True|True|False
Y451H,True,False,False,False|True|False
Y451X,True,True,False,True|True|False
Y453F,True,True,True,True|True|True
Y453X,True,True,False,True|True|False
Y473A,False,False,True,False|False|True
Y473F,False,False,True,False|False|True
Y473G,False,False,True,False|False|True
Y473H,True,False,False,False|True|False
Y473L,False,False,True,False|False|True
Y473P,False,False,True,False|False|True
Y473S,False,False,True,False|False|True
Y473X,True,True,True,True|True|True
Y489A,False,False,True,False|False|True
Y489B,False,False,True,False|False|True
Y489C,False,False,True,False|False|True
Y489D,False,False,True,False|False|True
Y489E,False,False,True,False|False|True
Y489F,False,False,True,False|False|True
Y489G,False,False,True,False|False|True
Y489I,False,False,True,False|False|True
Y489K,False,False,True,False|False|True
Y489L,False,False,True,False|False|True
Y489N,False,False,True,False|False|True
Y489P,False,False,True,False|False|True
Y489Q,False,False,True,False|False|True
Y489R,False,False,True,False|False|True
Y489S,False,False,True,False|False|True
Y489T,False,False,True,False|False|True
Y489V,False,False,True,False|False|True
Y489X,True,True,True,True|True|True
Y495A,False,False,True,False|False|True
Y495C,False,False,True,False|False|True
Y495D,False,False,True,False|False|True
Y495E,False,False,True,False|False|True
Y495F,False,False,True,False|False|True
Y495G,False,False,True,False|False|True
Y495H,False,True,True,True|False|True
Y495I,False,False,True,False|False|True
Y495K,False,False,True,False|False|True
Y495L,False,False,True,False|False|True
Y495N,False,False,True,False|False|True
Y495P,False,False,True,False|False|True
Y495Q,False,False,True,False|False|True
Y495R,False,False,True,False|False|True
Y495S,False,False,True,False|False|True
Y495T,False,False,True,False|False|True
Y495V,False,False,True,False|False|True
Y495W,False,False,True,False|False|True
Y495X,True,True,True,True|True|True
Y505A,False,False,True,False|False|True
Y505C,False,False,True,False|False|True
Y505D,False,False,True,False|False|True
Y505E,False,False,True,False|False|True
Y505F,False,False,True,False|False|True
Y505G,False,False,True,False|False|True
Y505H,True,True,True,True|True|True
Y505I,False,False,True,False|False|True
Y505K,False,False,True,False|False|True
Y505L,False,False,True,False|False|True
Y505M,False,False,True,False|False|True
Y505N,False,False,True,False|False|True
Y505P,False,False,True,False|False|True
Y505Q,False,False,True,False|False|True
Y505R,False,False,True,False|False|True
Y505S,False,False,True,False|False|True
Y505T,False,False,True,False|False|True
Y505V,False,False,True,False|False|True
Y505W,False,False,True,False|False|True
Y505X,True,True,True,True|True|True
Y508A,False,False,True,False|False|True
Y508C,False,False,True,False|False|True
Y508D,False,False,True,False|False|True
Y508E,False,False,True,False|False|True
Y508F,False,False,True,False|False|True
Y508G,False,False,True,False|False|True
Y508H,True,True,True,True|True|True
Y508I,False,False,True,False|False|True
Y508K,False,False,True,False|False|True
Y508L,False,False,True,False|False|True
Y508M,False,False,True,False|False|True
Y508N,True,False,True,False|True|True
Y508P,False,False,True,False|False|True
Y508Q,False,False,True,False|False|True
Y508R,False,False,True,False|False|True
Y508S,False,False,True,False|False|True
Y508T,False,False,True,False|False|True
Y508V,False,False,True,False|False|True
Y508W,False,False,True,False|False|True
Y508X,True,True,True,True|True|True
