substitution,frequency,group
N501Y,1688,Predict
F515X,301,Predict
S494P,288,Predict
S477N,27,Predict
N439A,5,Predict
T478K,23,Predict
F486V,1,Predict
F490Q,2,Predict
N440L,3,Predict
V512I,3,Predict
N501A,3,Predict
N501K,1,Predict
N439D,1,Predict
G485S,1,Predict
N440D,2,Predict
N440K,1,Predict
Q493N,1,Predict
N501T,2,Predict
N439K,1,Predict
N440G,6,Predict
T478H,1,Predict
N440T,5,Predict
C488G,1,Predict
L492I,1,Predict
Q493D,1,Predict
S494G,1,Predict
Y495V,1,Predict
Q493Y,1,Predict
N487L,1,Predict
G502S,1,Predict
Q493S,1,Predict
E484K,3,Predict
G446S,2,Predict
P479S,1,Predict
N501S,1,Predict
Q493K,1,Predict
N501H,1,Predict
V483I,4,Predict
T500R,1,Predict
R509D,1,Predict
V511E,1,Predict
S514P,1,Predict
F456X,2,Predict
R457H,2,Predict
K458T,2,Predict
Y505V,1,Predict
F456Y,1,Predict
R457T,1,Predict
K458S,1,Predict
S459A,1,Predict
N460D,1,Predict
L461I,1,Predict
K462A,1,Predict
P463A,1,Predict
N501Y,4788,Train
L452R,14612,Train
G504X,9,Train
Y505X,11,Train
T478K,6295,Train
E484K,14913,Train
D427X,16,Train
D428X,10,Train
S494P,1574,Train
N439K,34,Train
L452M,20,Train
S477I,41,Train
I472V,3,Train
Q493L,9,Train
S477N,17213,Train
R457X,12,Train
K458X,5,Train
A475X,18,Train
G476X,16,Train
Y508H,25,Train
S477R,36,Train
N501T,1214,Train
V512X,51,Train
L513X,98,Train
S514X,112,Train
F515X,116,Train
F490L,11,Train
Q506X,6,Train
P507X,5,Train
Y508X,6,Train
N440K,162,Train
E484X,30,Train
N440X,12,Train
L452X,106,Train
S477X,59,Train
T478R,98,Train
G446V,52,Train
N481D,2,Train
G476S,40,Train
E484Q,199,Train
Y449X,14,Train
N450X,13,Train
V503X,8,Train
Y473X,3,Train
Q474X,7,Train
T478X,140,Train
F456X,62,Train
G447X,25,Train
S459F,7,Train
G446X,76,Train
N437X,4,Train
Y451X,9,Train
K444X,5,Train
N448X,48,Train
E465X,5,Train
P499X,5,Train
V503I,115,Train
Q493R,8,Train
N460I,26,Train
A475S,83,Train
Q474H,1,Train
G482V,1,Train
R466K,7,Train
C480X,2,Train
N481X,3,Train
P479S,70,Train
E484A,3,Train
F486L,3,Train
D427N,85,Train
L461X,4,Train
K462X,12,Train
F464X,6,Train
G502X,5,Train
Q493X,12,Train
S494X,17,Train
Y495X,6,Train
F490S,66,Train
Q498X,5,Train
N460X,10,Train
I434V,4,Train
G496X,8,Train
N450K,9,Train
P463S,5,Train
S494L,7,Train
G446S,39,Train
P463X,5,Train
V483X,4,Train
E484D,11,Train
G485X,3,Train
E484G,3,Train
L492X,5,Train
T430I,12,Train
E471Q,10,Train
T470X,5,Train
E471X,4,Train
V483F,37,Train
N460K,5,Train
T478I,8,Train
L441F,1,Train
S459X,6,Train
V511X,3,Train
L455X,4,Train
N501X,89,Train
S494A,4,Train
C432X,5,Train
K444R,22,Train
A475T,2,Train
N481K,5,Train
L455F,27,Train
W436X,2,Train
F429X,5,Train
N501S,6,Train
F490V,3,Train
Y453F,32,Train
Q498H,3,Train
L452Q,16,Train
T470I,9,Train
S514F,34,Train
V433X,4,Train
F490Y,3,Train
S477G,57,Train
P507S,3,Train
P479L,12,Train
T470N,23,Train
A475V,28,Train
G504S,1,Train
V512I,2,Train
P499S,4,Train
V483A,47,Train
I468V,9,Train
N450D,5,Train
I468T,11,Train
V503F,7,Train
N481Y,2,Train
D427G,1,Train
T430X,4,Train
I434X,30,Train
E484Z,3,Train
F490X,3,Train
E465G,3,Train
C488F,1,Train
T500S,1,Train
L513F,5,Train
R466I,1,Train
S438P,1,Train
Y505H,3,Train
S443A,8,Train
L441I,4,Train
D428E,4,Train
N440D,1,Train
F456L,1,Train
R466X,7,Train
D467X,6,Train
G485D,1,Train
P491X,2,Train
P479X,4,Train
V445G,1,Train
N448D,2,Train
I468X,5,Train
S469X,5,Train
C488X,2,Train
V433I,1,Train
L492S,1,Train
P507T,1,Train
I472X,3,Train
V483I,6,Train
N481S,4,Train
R454X,3,Train
K458N,6,Train
D427E,3,Train
I472L,1,Train
V445I,3,Train
G476A,3,Train
D427Y,4,Train
K462R,1,Train
Q498R,3,Train
N487X,1,Train
S477K,2,Train
R457S,1,Train
F497X,2,Train
F490I,1,Train
Y489X,3,Train
P499H,1,Train
E465D,1,Train
P499L,2,Train
F464L,1,Train
K462Q,1,Train
V511I,2,Train
G446D,3,Train
G485R,12,Train
L455S,1,Train
Q474E,1,Train
N450I,1,Train
E471G,2,Train
T500A,1,Train
S438A,1,Train
F464S,1,Train
Y451H,1,Train
I434T,4,Train
N501I,5,Train
T470A,1,Train
V511L,1,Train
G485V,1,Train
Q493K,1,Train
K444N,2,Train
G476V,1,Train
V445F,2,Train
A435X,3,Train
N439X,20,Train
Y453X,1,Train
G485S,1,Train
G482X,1,Train
Y473H,1,Train
S477T,2,Train
S494R,1,Train
N460T,2,Train
Q493H,4,Train
G504N,1,Train
G482S,1,Train
D427V,2,Train
G485A,1,Train
E471Z,1,Train
T478A,1,Train
V483G,1,Train
S459P,1,Train
N440S,1,Train
L513I,1,Train
V445X,12,Train
K462E,1,Train
V483L,1,Train
S438X,5,Train
G447V,1,Train
R509K,1,Train
V510L,1,Train
T500N,1,Train
F456Y,1,Train
N437S,1,Train
G431X,2,Train
C488R,1,Train
T500X,1,Train
R457K,1,Train
K458Q,1,Train
L441X,2,Train
V510X,1,Train
L452R,9822,Test
T478K,11801,Test
N501K,1,Test
E471Q,7,Test
L452X,51,Test
T478X,36,Test
N440K,1437,Test
S477N,4395,Test
E484A,2340,Test
Q493R,2389,Test
Q498R,2510,Test
N501Y,10711,Test
Y505H,2478,Test
F486V,160,Test
E484Q,55,Test
G446S,798,Test
G496S,1738,Test
E465K,1,Test
K444R,6,Test
N450D,1,Test
E484K,10356,Test
N460K,13,Test
F490S,26,Test
K444T,6,Test
S494P,60,Test
L452Q,101,Test
S477X,49,Test
E484X,41,Test
Q493X,25,Test
G496X,31,Test
Q498X,26,Test
N501X,41,Test
Y505X,28,Test
S494L,5,Test
F486S,3,Test
E484D,2,Test
N440X,84,Test
K444X,6,Test
L441X,3,Test
N450X,5,Test
F456X,12,Test
R457X,4,Test
K458X,4,Test
S459X,3,Test
D428G,2,Test
N450K,24,Test
F486X,4,Test
L455X,4,Test
S494X,15,Test
Y449X,8,Test
N439X,3,Test
K462X,3,Test
Y473X,2,Test
V483X,5,Test
G485X,3,Test
W436X,2,Test
S438X,1,Test
L455F,7,Test
E484T,1,Test
Q498H,2,Test
G446N,1,Test
E484V,2,Test
Y495H,1,Test
S514A,1,Test
G482S,1,Test
D427N,191,Test
S514F,6,Test
T478I,3,Test
K458N,2,Test
V483F,7,Test
C488X,1,Test
L492X,1,Test
T430I,1,Test
Y508H,7,Test
A475V,5,Test
S477R,3,Test
N487X,3,Test
G446X,28,Test
E471X,3,Test
Y449D,1,Test
G482V,1,Test
T470X,2,Test
V512X,2,Test
F497X,3,Test
S443X,7,Test
V445X,2,Test
R454X,4,Test
P479S,42,Test
N439K,5,Test
F490Y,1,Test
L461X,1,Test
L452M,5,Test
D427Y,1,Test
P499R,6,Test
V483I,8,Test
V433X,86,Test
E465X,13,Test
G504X,5,Test
T478E,1,Test
G502X,5,Test
V445F,4,Test
L513X,3,Test
S514X,17,Test
F515X,20,Test
N501T,18,Test
Y453F,44,Test
P499X,1,Test
V503X,2,Test
P507S,1,Test
D427A,3,Test
Y489X,4,Test
S477I,11,Test
N440B,1,Test
C432X,18,Test
P463S,5,Test
T470S,1,Test
A475X,35,Test
I434X,21,Test
R466X,7,Test
Q506X,9,Test
G476X,49,Test
P507X,3,Test
D442X,6,Test
Q474X,10,Test
D467X,6,Test
Y495X,8,Test
V445G,1,Test
Y451X,10,Test
G476S,7,Test
N460T,4,Test
V503A,1,Test
S514Y,6,Test
I468X,3,Test
G485A,1,Test
T470I,5,Test
G446V,16,Test
S443F,1,Test
S459F,7,Test
G485S,3,Test
G482X,3,Test
F464S,1,Test
S477G,8,Test
F490X,1,Test
T470N,4,Test
L513F,1,Test
N501I,4,Test
V512I,2,Test
G476D,1,Test
K444N,5,Test
V511X,2,Test
N460D,1,Test
A435X,2,Test
P479X,2,Test
V503F,1,Test
Y508X,1,Test
P491S,1,Test
Y453X,5,Test
D428E,3,Test
N460S,1,Test
R509X,1,Test
V510X,1,Test
S469X,2,Test
F490L,1,Test
V510A,1,Test
R466I,2,Test
N440S,1,Test
N460Y,4,Test
I468M,1,Test
V511L,1,Test
L441P,1,Test
P479R,3,Test
V433I,1,Test
N481X,1,Test
D427X,1,Test
D428X,1,Test
F429X,2,Test
T430X,1,Test
T478R,1,Test
F515L,1,Test
E484Z,2,Test
D427E,6,Test
V503I,23,Test
E484R,1,Test
A475T,1,Test
V483A,2,Test
N481K,1,Test
V445L,1,Test
N501H,1,Test
