Mutation,in_train,in_test,in_predict,prediction_identity,BLOSUM80,PAM30
Q474H,True,False,False,False|True|False,1.0,1.0
S477T,True,False,False,False|True|False,2.0,0.0
G485S,True,True,True,True|True|True,-1.0,-2.0
R457T,False,False,True,False|False|True,-2.0,-6.0
E471Q,True,True,False,True|True|False,3.0,1.0
G482V,True,True,False,True|True|False,-6.0,-5.0
N440K,True,True,True,True|True|True,0.0,-1.0
I468M,False,True,False,True|False|False,2.0,-1.0
N450I,True,False,False,False|True|False,-6.0,-5.0
N501I,True,True,False,True|True|False,-6.0,-5.0
G447V,True,False,False,False|True|False,-6.0,-5.0
I468V,True,False,False,False|True|False,4.0,2.0
P499L,True,False,False,False|True|False,-5.0,-7.0
D427X,True,True,False,True|True|False,-3.0,-5.0
N460S,False,True,False,True|False|False,1.0,0.0
F486V,False,True,True,True|False|True,-2.0,-8.0
S494A,True,False,False,False|True|False,2.0,0.0
P499X,True,True,False,True|True|False,-3.0,-5.0
D442X,False,True,False,True|False|False,-3.0,-5.0
V510L,True,False,False,False|True|False,1.0,-2.0
P463S,True,True,False,True|True|False,-2.0,-2.0
V510X,True,True,False,True|True|False,-2.0,-5.0
L441I,True,False,False,False|True|False,2.0,-1.0
L441P,False,True,False,True|False|False,-5.0,-7.0
G485V,True,False,False,False|True|False,-6.0,-5.0
K458N,True,True,False,True|True|False,0.0,-1.0
F456X,True,True,True,True|True|True,-3.0,-8.0
Y508H,True,True,False,True|True|False,3.0,-3.0
N450K,True,True,False,True|True|False,0.0,-1.0
G447X,True,False,False,False|True|False,-3.0,-5.0
E484R,False,True,False,True|False|False,-1.0,-9.0
K444T,False,True,False,True|False|False,-1.0,-3.0
T470A,True,False,False,False|True|False,0.0,-1.0
L492X,True,True,False,True|True|False,-2.0,-6.0
V433I,True,True,False,True|True|False,4.0,2.0
C488X,True,True,False,True|True|False,-4.0,-9.0
I434X,True,True,False,True|True|False,-2.0,-5.0
N501K,False,True,True,True|False|True,0.0,-1.0
N437S,True,False,False,False|True|False,1.0,0.0
R454X,True,True,False,True|True|False,-2.0,-6.0
P479S,True,True,True,True|True|True,-2.0,-2.0
T470X,True,True,False,True|True|False,-1.0,-4.0
P463A,False,False,True,False|False|True,-1.0,-2.0
Q493Y,False,False,True,False|False|True,-3.0,-12.0
S514P,False,False,True,False|False|True,-2.0,-2.0
P507S,True,True,False,True|True|False,-2.0,-2.0
D427A,False,True,False,True|False|False,-3.0,-3.0
N439K,True,True,True,True|True|True,0.0,-1.0
F486L,True,False,False,False|True|False,0.0,-3.0
G446V,True,True,False,True|True|False,-6.0,-5.0
Y495V,False,False,True,False|False|True,-3.0,-7.0
P491S,False,True,False,True|False|False,-2.0,-2.0
E484V,False,True,False,True|False|False,-4.0,-6.0
L513I,True,False,False,False|True|False,2.0,-1.0
V511I,True,False,False,False|True|False,4.0,2.0
S469X,True,True,False,True|True|False,-1.0,-3.0
E484K,True,True,True,True|True|True,1.0,-4.0
G476S,True,True,False,True|True|False,-1.0,-2.0
G446D,True,False,False,False|True|False,-3.0,-3.0
G476A,True,False,False,False|True|False,0.0,-2.0
F486X,False,True,False,True|False|False,-3.0,-8.0
T478A,True,False,False,False|True|False,0.0,-1.0
K462E,True,False,False,False|True|False,1.0,-4.0
G504N,True,False,False,False|True|False,-1.0,-3.0
G496X,True,True,False,True|True|False,-3.0,-5.0
V511L,True,True,False,True|True|False,1.0,-2.0
G502S,False,False,True,False|False|True,-1.0,-2.0
N481D,True,False,False,False|True|False,2.0,2.0
S514A,False,True,False,True|False|False,2.0,0.0
N460Y,False,True,False,True|False|False,-4.0,-4.0
R509K,True,False,False,False|True|False,3.0,0.0
E465K,False,True,False,True|False|False,1.0,-4.0
N439X,True,True,False,True|True|False,-2.0,-3.0
Q493H,True,False,False,False|True|False,1.0,1.0
T500S,True,False,False,False|True|False,2.0,0.0
N448D,True,False,False,False|True|False,2.0,2.0
Q493D,False,False,True,False|False|True,-1.0,-2.0
V483A,True,True,False,True|True|False,-1.0,-2.0
Y505V,False,False,True,False|False|True,-3.0,-7.0
S438X,True,True,False,True|True|False,-1.0,-3.0
N460T,True,True,False,True|True|False,0.0,-2.0
T478K,True,True,True,True|True|True,-1.0,-3.0
E471G,True,False,False,False|True|False,-4.0,-4.0
K458Q,True,False,False,False|True|False,2.0,-3.0
F490S,True,True,False,True|True|False,-4.0,-6.0
F429X,True,True,False,True|True|False,-3.0,-8.0
V503I,True,True,False,True|True|False,4.0,2.0
D427N,True,True,False,True|True|False,2.0,2.0
L452R,True,True,False,True|True|False,-4.0,-8.0
S438A,True,False,False,False|True|False,2.0,0.0
S494R,True,False,False,False|True|False,-2.0,-3.0
N450X,True,True,False,True|True|False,-2.0,-3.0
E484X,True,True,False,True|True|False,-2.0,-5.0
G485A,True,True,False,True|True|False,0.0,-2.0
N439A,False,False,True,False|False|True,-3.0,-4.0
V483L,True,False,False,False|True|False,1.0,-2.0
K458X,True,True,False,True|True|False,-2.0,-5.0
R466K,True,False,False,False|True|False,3.0,0.0
S438P,True,False,False,False|True|False,-2.0,-2.0
A475T,True,True,False,True|True|False,0.0,-1.0
N501X,True,True,False,True|True|False,-2.0,-3.0
F464S,True,True,False,True|True|False,-4.0,-6.0
A475X,True,True,False,True|True|False,-1.0,-3.0
D428G,False,True,False,True|False|False,-3.0,-3.0
G476D,False,True,False,True|False|False,-3.0,-3.0
N448X,True,False,False,False|True|False,-2.0,-3.0
D467X,True,True,False,True|True|False,-3.0,-5.0
N481S,True,False,False,False|True|False,1.0,0.0
R466X,True,True,False,True|True|False,-2.0,-6.0
E484T,False,True,False,True|False|False,-2.0,-6.0
T470I,True,True,False,True|True|False,-2.0,-2.0
N440D,True,False,True,False|True|True,2.0,2.0
Y451H,True,False,False,False|True|False,3.0,-3.0
Y451X,True,True,False,True|True|False,-3.0,-7.0
G482S,True,True,False,True|True|False,-1.0,-2.0
R466I,True,True,False,True|True|False,-5.0,-5.0
F490Q,False,False,True,False|False|True,-5.0,-13.0
Q506X,True,True,False,True|True|False,-2.0,-5.0
G496S,False,True,False,True|False|False,-1.0,-2.0
V483I,True,True,True,True|True|True,4.0,2.0
Y505H,True,True,False,True|True|False,3.0,-3.0
E465X,True,True,False,True|True|False,-2.0,-5.0
V445G,True,True,False,True|True|False,-6.0,-5.0
I468T,True,False,False,False|True|False,-2.0,-2.0
W436X,True,True,False,True|True|False,-5.0,-11.0
Q498R,True,True,False,True|True|False,1.0,-2.0
S443X,False,True,False,True|False|False,-1.0,-3.0
V483F,True,True,False,True|True|False,-2.0,-8.0
L452M,True,True,False,True|True|False,3.0,1.0
Q493N,False,False,True,False|False|True,0.0,-3.0
N460I,True,False,False,False|True|False,-6.0,-5.0
N460K,True,True,False,True|True|False,0.0,-1.0
S477X,True,True,False,True|True|False,-1.0,-3.0
P507X,True,True,False,True|True|False,-3.0,-5.0
N501Y,True,True,True,True|True|True,-4.0,-4.0
T478I,True,True,False,True|True|False,-2.0,-2.0
Q493L,True,False,False,False|True|False,-4.0,-5.0
E484G,True,False,False,False|True|False,-4.0,-4.0
S477R,True,True,False,True|True|False,-2.0,-3.0
L513X,True,True,False,True|True|False,-2.0,-6.0
G502X,True,True,False,True|True|False,-3.0,-5.0
P479L,True,False,False,False|True|False,-5.0,-7.0
T500A,True,False,False,False|True|False,0.0,-1.0
Q474X,True,True,False,True|True|False,-2.0,-5.0
E484D,True,True,False,True|True|False,2.0,2.0
Q493R,True,True,False,True|True|False,1.0,-2.0
C488G,False,False,True,False|False|True,-6.0,-9.0
R457S,True,False,False,False|True|False,-2.0,-3.0
T430I,True,True,False,True|True|False,-2.0,-2.0
N501S,True,False,True,False|True|True,1.0,0.0
G485X,True,True,False,True|True|False,-3.0,-5.0
P499S,True,False,False,False|True|False,-2.0,-2.0
C488R,True,False,False,False|True|False,-6.0,-8.0
I434V,True,False,False,False|True|False,4.0,2.0
Q474E,True,False,False,False|True|False,3.0,1.0
N501H,False,True,True,True|False|True,1.0,0.0
V511X,True,True,False,True|True|False,-2.0,-5.0
Y495H,False,True,False,True|False|False,3.0,-3.0
I472L,True,False,False,False|True|False,2.0,-1.0
N437X,True,False,False,False|True|False,-2.0,-3.0
F456Y,True,False,True,False|True|True,4.0,2.0
F490I,True,False,False,False|True|False,-1.0,-2.0
T478X,True,True,False,True|True|False,-1.0,-4.0
F515X,True,True,True,True|True|True,-3.0,-8.0
N487X,True,True,False,True|True|False,-2.0,-3.0
Y495X,True,True,False,True|True|False,-3.0,-7.0
Y449X,True,True,False,True|True|False,-3.0,-7.0
K458T,False,False,True,False|False|True,-1.0,-3.0
S443F,False,True,False,True|False|False,-4.0,-6.0
R457X,True,True,False,True|True|False,-2.0,-6.0
G485R,True,False,False,False|True|False,-4.0,-9.0
V512X,True,True,False,True|True|False,-2.0,-5.0
K444R,True,True,False,True|True|False,3.0,0.0
V483G,True,False,False,False|True|False,-6.0,-5.0
V511E,False,False,True,False|False|True,-4.0,-6.0
L455X,True,True,False,True|True|False,-2.0,-6.0
L513F,True,True,False,True|True|False,0.0,-3.0
K462A,False,False,True,False|False|True,-1.0,-7.0
K462X,True,True,False,True|True|False,-2.0,-5.0
S494G,False,False,True,False|False|True,-1.0,-2.0
Y453F,True,True,False,True|True|False,4.0,2.0
F515L,False,True,False,True|False|False,0.0,-3.0
L492S,True,False,False,False|True|False,-4.0,-8.0
N450D,True,True,False,True|True|False,2.0,2.0
L455S,True,False,False,False|True|False,-4.0,-8.0
V503X,True,True,False,True|True|False,-2.0,-5.0
D427E,True,True,False,True|True|False,2.0,2.0
D428E,True,True,False,True|True|False,2.0,2.0
V445L,False,True,False,True|False|False,1.0,-2.0
S494P,True,True,True,True|True|True,-2.0,-2.0
R509D,False,False,True,False|False|True,-3.0,-10.0
E471Z,True,False,False,False|True|False,6.0,6.0
S514X,True,True,False,True|True|False,-1.0,-3.0
N440B,False,True,False,True|False|False,5.0,6.0
V503F,True,True,False,True|True|False,-2.0,-8.0
D428X,True,True,False,True|True|False,-3.0,-5.0
E484A,True,True,False,True|True|False,-2.0,-2.0
V445F,True,True,False,True|True|False,-2.0,-8.0
V510A,False,True,False,True|False|False,-1.0,-2.0
E484Q,True,True,False,True|True|False,3.0,1.0
T478E,False,True,False,True|False|False,-2.0,-6.0
P479X,True,True,False,True|True|False,-3.0,-5.0
D427G,True,False,False,False|True|False,-3.0,-3.0
Y449D,False,True,False,True|False|False,-6.0,-11.0
Y489X,True,True,False,True|True|False,-3.0,-7.0
P491X,True,False,False,False|True|False,-3.0,-5.0
E465D,True,False,False,False|True|False,2.0,2.0
L452X,True,True,False,True|True|False,-2.0,-6.0
N460D,False,True,True,True|False|True,2.0,2.0
R509X,False,True,False,True|False|False,-2.0,-6.0
T478R,True,True,False,True|True|False,-2.0,-6.0
L441F,True,False,False,False|True|False,0.0,-3.0
Q493K,True,False,True,False|True|True,2.0,-3.0
G504X,True,True,False,True|True|False,-3.0,-5.0
C488F,True,False,False,False|True|False,-4.0,-13.0
Y473X,True,True,False,True|True|False,-3.0,-7.0
E471X,True,True,False,True|True|False,-2.0,-5.0
Y453X,True,True,False,True|True|False,-3.0,-7.0
P499H,True,False,False,False|True|False,-4.0,-4.0
V512I,True,True,True,True|True|True,4.0,2.0
S459F,True,True,False,True|True|False,-4.0,-6.0
K444X,True,True,False,True|True|False,-2.0,-5.0
C480X,True,False,False,False|True|False,-4.0,-9.0
S477G,True,True,False,True|True|False,-1.0,-2.0
Q498H,True,True,False,True|True|False,1.0,1.0
T470N,True,True,False,True|True|False,0.0,-2.0
K462Q,True,False,False,False|True|False,2.0,-3.0
C432X,True,True,False,True|True|False,-4.0,-9.0
F486S,False,True,False,True|False|False,-4.0,-6.0
A435X,True,True,False,True|True|False,-1.0,-3.0
N440S,True,True,False,True|True|False,1.0,0.0
S459P,True,False,False,False|True|False,-2.0,-2.0
G446X,True,True,False,True|True|False,-3.0,-5.0
N487L,False,False,True,False|False|True,-6.0,-7.0
T500R,False,False,True,False|False|True,-2.0,-6.0
S494L,True,True,False,True|True|False,-4.0,-8.0
G485D,True,False,False,False|True|False,-3.0,-3.0
N440T,False,False,True,False|False|True,0.0,-2.0
G504S,True,False,False,False|True|False,-1.0,-2.0
F490L,True,True,False,True|True|False,0.0,-3.0
Y505X,True,True,False,True|True|False,-3.0,-7.0
T430X,True,True,False,True|True|False,-1.0,-4.0
F490Y,True,True,False,True|True|False,4.0,2.0
P499R,False,True,False,True|False|False,-3.0,-4.0
S477I,True,True,False,True|True|False,-4.0,-7.0
F464L,True,False,False,False|True|False,0.0,-3.0
F456L,True,False,False,False|True|False,0.0,-3.0
E484Z,True,True,False,True|True|False,6.0,6.0
V445I,True,False,False,False|True|False,4.0,2.0
T500X,True,False,False,False|True|False,-1.0,-4.0
L492I,False,False,True,False|False|True,2.0,-1.0
Q493S,False,False,True,False|False|True,-1.0,-5.0
Q493X,True,True,False,True|True|False,-2.0,-5.0
N440G,False,False,True,False|False|True,-1.0,-3.0
Q498X,True,True,False,True|True|False,-2.0,-5.0
G431X,True,False,False,False|True|False,-3.0,-5.0
I434T,True,False,False,False|True|False,-2.0,-2.0
S443A,True,False,False,False|True|False,2.0,0.0
N440X,True,True,False,True|True|False,-2.0,-3.0
G476V,True,False,False,False|True|False,-6.0,-5.0
A475V,True,True,False,True|True|False,-1.0,-2.0
L441X,True,True,False,True|True|False,-2.0,-6.0
K458S,False,False,True,False|False|True,-1.0,-4.0
I468X,True,True,False,True|True|False,-2.0,-5.0
N481Y,True,False,False,False|True|False,-4.0,-4.0
L452Q,True,True,False,True|True|False,-4.0,-5.0
E465G,True,False,False,False|True|False,-4.0,-4.0
S514F,True,True,False,True|True|False,-4.0,-6.0
R457H,False,False,True,False|False|True,0.0,-2.0
P479R,False,True,False,True|False|False,-3.0,-4.0
S459A,False,False,True,False|False|True,2.0,0.0
V445X,True,True,False,True|True|False,-2.0,-5.0
L461X,True,True,False,True|True|False,-2.0,-6.0
T500N,True,False,False,False|True|False,0.0,-2.0
N501T,True,True,True,True|True|True,0.0,-2.0
S514Y,False,True,False,True|False|False,-3.0,-7.0
D427Y,True,True,False,True|True|False,-6.0,-11.0
F490X,True,True,False,True|True|False,-3.0,-8.0
N440L,False,False,True,False|False|True,-6.0,-7.0
Y473H,True,False,False,False|True|False,3.0,-3.0
S494X,True,True,False,True|True|False,-1.0,-3.0
T478H,False,False,True,False|False|True,-3.0,-7.0
L461I,False,False,True,False|False|True,2.0,-1.0
N439D,False,False,True,False|False|True,2.0,2.0
I472X,True,False,False,False|True|False,-2.0,-5.0
A475S,True,False,False,False|True|False,2.0,0.0
I472V,True,False,False,False|True|False,4.0,2.0
S477K,True,False,False,False|True|False,-1.0,-4.0
F497X,True,True,False,True|True|False,-3.0,-8.0
D427V,True,False,False,False|True|False,-6.0,-8.0
Y508X,True,True,False,True|True|False,-3.0,-7.0
K462R,True,False,False,False|True|False,3.0,0.0
V483X,True,True,False,True|True|False,-2.0,-5.0
F464X,True,False,False,False|True|False,-3.0,-8.0
R457K,True,False,False,False|True|False,3.0,0.0
P463X,True,False,False,False|True|False,-3.0,-5.0
F490V,True,False,False,False|True|False,-2.0,-8.0
T470S,False,True,False,True|False|False,2.0,0.0
P507T,True,False,False,False|True|False,-3.0,-4.0
N501A,False,False,True,False|False|True,-3.0,-4.0
G446N,False,True,False,True|False|False,-1.0,-3.0
G446S,True,True,True,True|True|True,-1.0,-2.0
S477N,True,True,True,True|True|True,1.0,0.0
S459X,True,True,False,True|True|False,-1.0,-3.0
N460X,True,False,False,False|True|False,-2.0,-3.0
L455F,True,True,False,True|True|False,0.0,-3.0
N481X,True,True,False,True|True|False,-2.0,-3.0
K444N,True,True,False,True|True|False,0.0,-1.0
N481K,True,True,False,True|True|False,0.0,-1.0
V503A,False,True,False,True|False|False,-1.0,-2.0
V433X,True,True,False,True|True|False,-2.0,-5.0
G482X,True,True,False,True|True|False,-3.0,-5.0
G476X,True,True,False,True|True|False,-3.0,-5.0
